periodo,molienda_cereales_y_oleaginosas,resto_de_alimentos,bebidas,tabaco,textil_indumentaria_y_cuero,madera_papel_y_edicion,refinacion_de_petroleo,quimicos,caucho_y_plastico,minerales_no_metalicos,metales_basicos,metalmecanica,automotriz,resto_de_industria,total_industria
2011-01-01,105416.615,134359.2599999999,55479.25900000003,2836.7,71818.33400000005,114332.4940000001,60890.927,213781.3159999999,81007.37999999995,150271.2660000001,233236.9700000001,21775.632,32388.469,1248.96,1278843.582
2011-02-01,94977.15899999996,135665.267,50855.62700000001,3288.900000000001,78421.27900000004,109878.17,57823.89500000002,196301.0889999999,78415.056,138912.2819999999,283461.3700000001,22502.314,38772.38499999999,1148.86,1290423.653
2011-03-01,116117.421,142766.499,50135.05799999998,3416.1,78679.56600000004,116822.983,59893.73799999998,205461.8369999999,82404.60400000004,162784.83,301485.2199999997,24576.709,44439.64999999999,1090.983,1390075.198
2011-04-01,125882.504,140501.9,45537.44900000003,3437.4,75926.52499999995,115849.901,59897.999,198921.449,82905.49000000002,166599.99,298785.106,24639.75699999999,44271.217,1018.559,1384175.246
2011-05-01,129902.624,140445.8340000001,40377.33799999998,3390.5,77643.101,118444.213,63019.99,206280.268,84707.088,175286.8449999999,329333.99,25105.692,46254.25600000003,982.3500000000001,1441174.089
2011-06-01,124756.641,133670.4,36721.362,3210.6,76433.09699999999,111971.84,57895.05900000002,194765.2800000001,82257.29599999999,156838.2859999999,329282.3050000002,24655.231,46334.30099999999,887.326,1379679.024
2011-07-01,115120.301,134225.579,40342.925,2395,75022.90999999999,117945.441,64270.06600000001,182634.8889999999,81837.57000000004,156541.273,338499.9770000001,24846.384,46249.405,816.917,1380748.637
2011-08-01,118118.608,139676.6809999999,44123.43299999999,2470.3,75191.71800000008,122791.66,62639.15299999998,195508.314,86635.62299999999,161809.779,316381.6880000002,26175.10200000001,47558.768,966.5990000000002,1400047.426
2011-09-01,123703.424,138405.7640000001,45044.167,2421.1,74535.16700000002,119255.084,58945.821,202806.272,84419.55399999995,177745.564,288189.1250000001,24716.741,46650.78999999998,907.5500000000001,1387746.123000001
2011-10-01,116829.9639999999,139042.6800000001,48808.935,2396.6,74752.274,122461.589,61299.029,211232.297,87394.20399999998,176008.142,318643.676,24420.532,45536.88200000001,974.4770000000001,1429801.281
2011-11-01,111599.2549999999,139567.048,52439.41600000003,2572.3,77829.67400000004,117951.93,62077.072,203822.209,86622.02499999999,173180.712,306443.0059999999,24733.349,46460.77,1119.625,1406418.391
2011-12-01,108079.2000000001,135942.0669999999,55149.60200000002,2547.8,61179.04399999999,115733.361,64552.191,214140.6690000001,82267.14199999996,174164.096,282989.735,22459.784,41100.34,1194.83,1361499.861
2012-01-01,110317.948,139983.405,56352.85900000003,3128.8,63021.52699999997,120325.4679999999,57536.277,213472.8810000001,78311.98500000007,161312.5869999999,221642.1749999999,21195.136,36954.38000000001,1056.561,1284611.989
2012-02-01,101077.2740000001,136892.3240000001,52789.65099999999,3182.900000000001,71818.87000000001,114926.705,56090.97399999999,204244.7469999999,77245.59500000002,150624.9959999999,291620.968,21325.597,39195.853,1033.391,1322069.845
2012-03-01,109563.9110000001,146545.848,55073.108,4002.3,81992.715,125923.77,57808.70499999999,213753.1840000001,89691.85800000004,168623.172,327614.7820000002,25048.23100000001,44793.60700000001,1012.043,1451447.234000001
2012-04-01,121822.91,136855.362,44851.81800000002,3107.6,75408.92099999996,114306.623,53956.30500000001,199486.195,82025.05300000004,170526.792,312235.078,23484.96399999999,42446.982,925.6630000000001,1381440.266
2012-05-01,127267.386,144193.1959999999,41170.83900000001,3346.4,78955.71599999999,117057.139,55506.72599999999,206747.5110000001,83304.87700000002,168981.1039999999,304339.8020000001,23972.089,42986.18400000002,855.106,1398684.075
2012-06-01,130530.6730000001,137322.397,36167.039,2493.7,77792.37499999991,114806.566,56072.14600000001,190869.329,83666.73299999998,163719.2710000001,327050.664,23798.099,43396.79900000001,943.816,1388629.607
2012-07-01,117969.146,138790.842,40473.07799999997,2523.3,78805.34300000007,117843.273,63414.29100000001,191902.801,82616.06999999998,158210.45,287849.9540000001,23668.20000000001,45685.677,923.811,1350676.236
2012-08-01,111954.623,143650.715,44731.748,2523.6,81556.76799999998,119547.797,58842.43200000001,195754.776,88946.807,158726.602,295691.1170000002,24629.816,47115.673,1022.812,1374695.286
2012-09-01,105940.273,136398.77,43520.60800000004,2381,78381.85000000001,118407.474,59523.55999999999,204570.0179999999,90698.11399999994,174890.906,293425.3799999998,23195.67,44160.82200000001,1048.896,1376543.341
2012-10-01,100349.753,141944.994,47690.83299999999,2640.2,81350.527,121315.1279999999,60873.39499999999,209258.026,90453.95399999995,177735.8920000001,320131.5740000001,23561.12,45987.941,967.3529999999998,1424260.69
2012-11-01,96797.70399999997,144127.192,52355.50100000001,2595.6,82925.34400000003,117595.152,58102.43400000001,207503.346,92643.47500000005,164918.248,304459.099,24136.721,46035.42700000002,1093.875,1395289.118
2012-12-01,90098.50300000003,134378.464,56348.40900000003,2641.4,66724.94599999998,113200.672,58241.21200000001,211363.0390000001,83696.24699999996,166840.49,258411.6240000002,21031.51300000001,40281.748,1002.067,1304260.334
2013-01-01,89465.13,142628.4599999999,55922.112,3158.1,67760.45700000001,111123.528,58676.899,200360.8230000001,84918.54599999994,156776.3620000001,229062.624,19723.576,33268.72800000001,1025.487,1253870.832
2013-02-01,80051.58499999996,135007.429,50828.73799999999,3137.8,67135.958,106711.9,54761.76699999999,194937.9570000001,77588.21999999997,152354.126,236981.295,20105.82000000001,40410.13700000001,943.888,1220956.62
2013-03-01,91467.67600000002,143590.485,53512.82399999999,3675.5,78501.44499999998,113519.99,59586.35599999999,212193.6569999999,87273.42499999999,170449.0979999999,302002.0219999999,23504.014,45214.31400000002,846.191,1385336.997
2013-04-01,112427.172,147159.6010000001,43887.17799999999,3434.2,79810.98199999993,109581.961,63726.541,203867.8020000002,87188.94800000005,165570.7640000001,280039.7899999997,23654.283,43925.37299999999,849.1290000000001,1365123.724
2013-05-01,120776.12,150118.2969999998,43510.92500000002,3492.900000000001,81253.83999999998,115863.156,66966.47000000002,215313.543,90314.69699999997,175925.34,292850.4390000001,24878.73700000001,46998.987,903.4619999999999,1429166.913
2013-06-01,125447.795,138919.075,38016.18300000001,2362.9,78440.54999999997,113753.2810000001,68676.19400000003,193777.5770000001,83622.68399999999,168491.5700000001,261061.7399999999,22485.677,43162.094,941.0820000000001,1339158.402
2013-07-01,113581.265,143947.589,42819.59600000001,2472.3,81268.47499999998,110193.586,69955.985,173561.828,87962.18199999994,161871.9940000002,274346.8970000001,24479.464,45699.26799999999,1092.169,1333252.598
2013-08-01,113600.506,145726.941,43916.785,2550.2,82438.86799999993,117212.19,68572.15400000001,192771.0980000001,90009.61599999994,175089.745,291836.847,24515.90200000001,46046.33800000002,1136.608,1395423.798
2013-09-01,108893.8599999999,138728.2220000001,46972.82100000003,2367.6,82463.67600000002,118863.249,66523.45799999998,202310.2130000001,89641.961,180620.089,303004.3580000002,23665.614,45532.74100000001,1114.396,1410702.258
2013-10-01,91893.50099999995,144241.5599999999,51285.53900000003,2633.3,84168.39900000002,124398.595,65367.035,215905.1310000001,91008.291,182872.199,326415.488,23702.475,46046.698,1119.859,1451058.07
2013-11-01,83007.83600000001,142696.673,53276.87500000001,2582.6,83612.67400000004,119667.487,67723.70200000002,210889.0859999999,90989.64799999997,179301.524,320544.917,23619.29,44111.97000000002,1164.135,1423188.417
2013-12-01,77030.60599999999,140903.6969999999,56870.71399999999,2856.8,73578.65999999997,114347.576,70634.93299999998,219705.207,83748.71800000001,175030.714,281884.19,21607.289,38884.14500000003,1115.147,1358198.396
2014-01-01,87972.72100000002,141938.8470000001,59583.45,3162.5,65820.85800000002,115866.553,71028.99200000001,221871.9950000001,83666.55999999997,155094.1829999999,232484.003,20491.265,30332.35600000001,1173.128,1290487.411
2014-02-01,87901.95499999999,139738.2959999999,54454.72600000002,3108.5,73459.07499999998,109364.752,59153.52099999999,201382.279,77586.24299999999,147251.4599999999,247904.475,20042.06200000001,40158.923,1102.591,1262608.858
2014-03-01,98188.29500000006,139814.5139999999,49446.96000000001,3355.6,77703.94500000002,116376.367,63015.33100000002,209971.8550000001,81892.65700000005,166407.839,292649.8780000001,21971.142,38329.50999999999,812.938,1359936.831000001
2014-04-01,111592.792,139501.08,45649.60100000002,3461,77167.01599999999,106063.004,63835.61300000001,207135.3180000001,83218.90200000002,171669.9539999999,307215.6120000001,22465.569,37873.24600000001,942.0969999999999,1377790.804
2014-05-01,122119.995,141161.675,43770.70699999999,3375.400000000001,76682.28,108413.244,70051.37000000001,217372.3040000001,83962.00799999999,176012.372,323127.749,22806.486,35206.20900000002,955.898,1425017.697
2014-06-01,119538.321,136597.6849999999,38411.35499999999,3154.9,76416.23300000002,108357.778,64039.404,204017.0580000001,83220.64999999998,166044.269,335992.9019999999,22654.672,36303.30699999999,1072.099,1395820.633
2014-07-01,113289.975,146335.1690000001,42673.49,2943.6,76796.44499999996,114204.246,70880.16999999998,194880.467,81466.50900000003,161752.61,324120.9209999999,22726.088,36114.995,1082.588,1389267.273
2014-08-01,110081.422,143190.1030000001,45233.26499999999,2288.5,77651.67600000004,113198.696,72421.57399999999,196552.1079999999,81665.39100000002,167192.241,295403.176,21879.151,35339.36099999998,1073.542,1363170.206
2014-09-01,106284.401,137549.02,50109.68500000001,2383.1,76868.01999999997,116323.4439999999,69789.016,212956.248,86612.14299999998,169759.3789999999,287646.1989999999,22318.68199999999,37136.857,1029.33,1376765.524
2014-10-01,114974.999,143935.721,53604.92400000002,2641,77063.28099999999,118807.74,68222.39399999999,217568.884,90515.89899999996,179833.7179999999,304203.4420000001,23005.652,39007.52800000001,1117.022,1434502.204
2014-11-01,93577.15900000003,138423.2430000001,54004.83299999999,2506.1,76504.12100000006,108237.4890000001,64480.54599999999,206067.6160000001,85723.99999999999,175599.596,318139.0739999999,22114.597,39025.987,1088.835,1385493.196
2014-12-01,89930.30200000001,138651.9940000001,57176.386,2652.7,65475.98400000003,108440.296,66049.10899999998,211143.926,79669.34500000003,173180.6020000001,288432.0300000001,21033.86199999999,35697.816,1195.974,1338730.326
2015-01-01,91892.83299999998,143922.8949999999,57320.56200000001,2959.2,59951.86500000003,107583.985,69794.73500000002,216070.4279999997,76032.53099999997,163117.9520000001,214846.364,19610.896,30656.699,1168.424,1254929.369
2015-02-01,93074.36499999999,142924.9020000001,49131.83300000001,3142.150000000001,67781.46200000003,105121.403,64429.19700000001,190164.74,80526.478,151971.926,225829.0550000001,20457.628,35938.05800000001,1323.364,1231816.561
2015-03-01,98516.37799999998,154646.2490000001,53212.41299999999,3723,76558.47900000005,115685.76,71199.08300000001,220763.2529999999,85469.92900000002,172204.5060000001,257350.006,22750.76899999999,39615.819,1140.174,1372835.818
2015-04-01,116677.059,149644.732,50766.64200000001,3648.21,75483.84899999997,115465.825,69871.85700000002,213503.854,85369.36799999994,175869.6039999999,234309.845,22805.11,38098.53199999998,1200.167,1352714.654
2015-05-01,87157.22100000002,147318.401,47130.80499999999,3503.8,76365.67900000002,114302.464,72303.01000000001,215806.596,85263.99500000005,180473.8579999999,247147.0910000001,22705.591,37912.66900000001,1137.415,1338528.595
2015-06-01,115651.3829999999,140733.966,41934.90100000001,3362,77057.87999999995,113905.39,66687.83099999999,201051.4759999999,86189.36599999998,177695.762,274996.334,23364.201,40872.71200000001,1147.795,1364650.997
2015-07-01,120827.21,142156.865,44349.422,2779.26,77293.64800000003,121666.128,68866.91799999999,179646.1410000001,85636.98499999999,172718.316,269931.9920000002,24126.129,40130.269,1185.387,1351314.670000001
2015-08-01,119633.444,139300.168,46208.945,2718.88,77410.321,113942.564,66904.57500000001,199875.8540000001,86459.63899999998,168525.896,301705.4540000001,23097.473,39455.29699999998,1130.832,1386369.342
2015-09-01,111182.32,138764.1889999999,48573.87599999999,2744.85,78596.83200000001,115853.0359999999,69612.53299999998,195630.5080000001,87083.19199999998,179993.852,263774.6139999999,23993.227,40817.229,1203.422,1357823.68
2015-10-01,105696.669,135495.1170000001,49691.37299999999,2657.66,78251.89900000002,119191.9989999999,68573.90000000001,206251.5080000001,85709.52500000001,187038.534,312839.4390000001,23104.63400000001,38890.90399999999,1033.801,1414426.962
2015-11-01,104409.3480000001,133239.149,50300.23500000001,2650.28,79065.26999999997,118160.618,68479.89599999999,205205.6410000001,87948.03599999998,180758.093,280676.5109999999,23250.507,38578.71099999999,1154.733,1373877.028
2015-12-01,95090.77500000002,135003.3539999999,56630.47700000002,2820.65,67721.16499999996,111323.3719999999,72237.76100000001,209494.2199999999,78355.46400000004,176789.584,228701.132,20831.448,34590.542,1119.799,1290709.743
2016-01-01,107504.8649999999,134960.7560000001,55904.539,3128.05,57961.88400000003,113356.404,72325.79299999999,205973.4699999999,78323.28099999999,163695.58,197977.748,19085.69,32623.525,1168.826,1243990.411
2016-02-01,93075.41300000002,137960.581,53491.96900000001,3257.75,73232.12500000007,108642.302,67963.52400000002,195761.5010000001,77400.93700000003,161889.0139999999,202687.0330000001,20774.02600000001,36714.482,1151.553,1234002.21
2016-03-01,111402.278,144225.094,52925.315,3601.39,78258.39500000002,105219.881,72954.25100000005,205201.819,85435.19200000004,168703.189,184226.846,22041.54600000001,41612.012,1076.207,1276883.415
2016-04-01,109505.928,137640.377,46503.855,3579.02,74667.13300000002,110607.604,70050.21000000002,199255.121,83228.18399999999,165694.3980000001,182934.114,22087.248,38821.001,1119.355,1245693.548
2016-05-01,114031.276,133981.104,39957.09599999998,3328.27,70368.99899999998,109770.423,70264.982,205100.3829999999,79149.32200000001,162042.772,215841.17,21642.079,38639.17799999999,1074.897,1265191.951
2016-06-01,113287.3090000001,128059.536,34130.894,2835.54,67433.357,107535.708,64287.99200000001,174477.312,73421.18800000005,155598.399,210067.5409999999,20238.453,37763.512,1100.416,1190237.157
2016-07-01,107464.4629999999,131757.951,40586.61900000001,2131.56,67464.09600000001,101158.968,72057.58500000001,191813.2860000001,73988.02900000002,173655.3349999999,198311.421,19840.464,38171.90500000001,991.5690000000002,1219393.251
2016-08-01,108340.588,138653.6220000001,44800.83700000001,2257.34,71051.621,102550.143,70643.72300000003,194094.8079999999,79307.42400000003,154734.983,177587.071,20266.958,40114.20299999999,1146.577,1205549.898
2016-09-01,107436.407,131004.1690000001,47806.21799999999,2262.85,66746.97699999998,102848.357,65645.936,196094.7280000001,78473.18600000005,159927.6620000001,190596.741,19949.587,38420.003,1058.036,1208270.857
2016-10-01,101581.253,129635.4680000001,49400.74700000001,1830.03,64552.61999999997,110050.942,66916.431,203250.4549999998,80598.09300000002,163158.8119999999,211215.564,20389.397,39053.38800000002,1065.82,1242699.02
2016-11-01,103160.447,133950.1,50845.97700000001,2274.51,67732.32300000003,105054.161,65279.01100000001,208996.9769999999,81993.23299999998,164276.451,210741.9950000001,20592.05,41269.88800000001,1071.434,1257238.557
2016-12-01,88400.50299999997,136107.5649999999,56819.694,2504.24,54241.14299999997,97399.36399999999,64503.76900000001,207526.153,78970.83200000001,166984.998,185246.973,18451.794,39728.90299999999,1264.246,1198150.177
2017-01-01,92263.084,139168.658,57908.791,2981.77,53861.45799999998,99183.31500000012,69253.05100000004,217626.513,78436.41399999998,151416.8340000001,151822.4740000001,17271.105,32691.704,1201.02,1165086.191
2017-02-01,90281.27599999998,135739.294,51232.78599999999,2558.15,63805.65600000002,101899.8009999999,59802.339,198472.8149999999,71613.24100000002,150687.32,166703.3389999999,19076.283,34216.528,1156.661,1147245.489
2017-03-01,108251.2889999999,147380.362,54605.45199999999,2727.84,71848.162,106753.537,67399.29000000001,220846.2810000001,82771.58800000002,167102.5150000002,234741.3050000001,21469.422,41455.79000000002,1237.197,1328590.03
2017-04-01,107211.0059999999,137485.161,45046.46899999998,2232.6,65484.44600000002,102569.727,64975.15900000001,210377.752,78663.41600000008,164550.125,220542.287,20070.27,36754.193,1034.672,1256997.283
2017-05-01,113013.4200000001,131584.436,42619.82399999999,2317.56,68812.77099999999,106799.8,67067.64900000002,210653.267,80860.216,166991.09,226154.1629999999,21718.993,39628.833,1020.799,1279242.821
2017-06-01,107201.426,133669.4540000001,38943.44300000001,2192.26,68059.93200000003,106045.9939999999,65623.01800000003,204251.4899999999,78317.54199999999,154593.0380000001,218159.81,21536.924,39727.20399999998,986.1759999999999,1239307.711
2017-07-01,107788.267,134691.353,43255.46300000001,2389.19,69658.46000000004,112048.224,60331.81999999999,200061.6310000001,78900.88300000002,166513.7480000001,231958.083,22153.54099999999,38150.55,936.049,1268837.262
2017-08-01,103676.153,139193.514,45648.71,2482,70163.26899999996,111555.4209999999,66544.982,212499.7820000002,82564.28700000003,171827.9000000001,236869.1900000001,22915.196,39986.02,1056.654,1306983.078
2017-09-01,93550.878,133281.18,46115.755,2370.48,69472.50600000004,110007.238,61922.14400000001,208945.545,82241.57199999999,169917.5349999999,256643.2189999999,21345.236,38682.87199999999,961.6589999999999,1295457.819
2017-10-01,103072.468,134583.651,49265.21099999999,2330.03,68992.16600000001,110379.6530000001,62212.30300000002,213633.1190000001,82137.53900000005,180294.996,249521.549,21559.924,39250.36399999999,948.4010000000002,1318181.374000001
2017-11-01,91619.22799999996,137056.4829999999,53945.477,2334.17,70479.72400000002,107693.235,51449.438,207710.6849999999,81523.10599999997,178298.47,270755.1220000001,21896.501,39661.38299999999,1028.617,1315451.639
2017-12-01,77772.47899999999,134811.086,56875.29900000003,2368.81,62460.59699999998,101317.031,67155.71700000002,216934.0640000001,76606.46899999998,175664.8730000001,230385.043,20556.686,35969.069,1142.585,1260019.808
2018-01-01,88442.48499999999,138987.603,58878.73199999999,2732.03,55935.39899999999,104174.979,63541.64599999999,215142.3260000001,73873.57600000006,170084.144,199047.3769999999,18997.525,29525.774,1120.567,1220484.163
2018-02-01,88121.99500000001,136121.9290000001,50737.084,2415.79,57854.96399999998,103261.1949999999,56535.49200000002,189242.5250000001,72688.46000000006,159757.5759999999,246320.495,20012.909,37920.12,1227.476,1222218.01
2018-03-01,98809.942,144352.9730000001,54198.66900000001,2517.76,68433.628,111099.57,63376.857,212662.9770000002,78571.41599999992,175949.649,283873.917,21391.283,41342.77400000001,1109.972,1357691.387
2018-04-01,100648.362,145062.9080000001,48390.19099999998,2337.9,65484.48099999999,106110.182,61071.75000000003,206850.2510000001,77576.38899999997,178145.1119999999,282420.2830000001,21738.136,39816.643,1237.99,1336890.578
2018-05-01,107470.847,140843.7480000001,44170.36999999998,2240.3,62875.86399999997,107334.864,57285.385,210064.9609999999,77603.54500000001,174178.422,286818.6070000001,20512.62899999999,38795.594,1245.167,1331440.303
2018-06-01,97024.89600000008,129468.036,36469.33299999998,1887.07,60490.41,107266.49,60283.01500000001,187113.671,69747.62500000004,162008.5499999999,267780.6990000001,18578.819,36077.50399999999,1199.835,1235395.953
2018-07-01,91996.48499999999,134583.1229999999,40918.41999999997,1990.89,60732.83699999997,104339.8350000001,62980.665,182342.5310000001,69447.85599999999,154445.134,273585.577,19260.133,38014.58300000002,1223.968,1235862.037
2018-08-01,89523.93699999996,138164.833,42865.73399999998,2007.93,60185.36299999994,104640.585,68136.243,188549.241,73668.97899999998,167031.137,283065.7019999998,20415.712,39711.089,1277.523,1279244.008
2018-09-01,87224.81200000009,131887.1550000001,41606.24300000001,1892.61,56150.79100000003,102843.982,70351.72200000001,192966.731,70706.43800000004,168476.591,264207.5249999999,17608.229,34855.071,1172.069,1241949.969
2018-10-01,91033.36300000001,134880.888,47902.59599999999,2099.33,54042.42699999995,104471.6850000001,63793.81600000001,202397.493,70650.53600000001,166978.3859999999,279036.172,18158.24499999999,36666.25999999999,1086.478,1273197.675
2018-11-01,92251.47900000002,136038.56,47629.15200000002,2199.65,50818.82700000004,100920.6510000001,60563.454,197679.59,69578.95599999999,162090.7659999999,281040.749,18672.311,35813.18000000001,1125.192,1256422.517
2018-12-01,81609.071,132668.649,47451.03000000001,1902.3,39761.862,92420.64500000003,65287.905,207476.393,62859.52599999998,164200.065,177066.9970000001,17141.91599999999,28411.44800000001,1097.457,1119355.264
2019-01-01,85680.09399999997,139135.029,49997.97100000001,2507.41,35793.40799999998,94137.41900000002,66267.91100000002,204428.637,64122.615,152715.3960000001,193980.089,13635.414,24555.33099999999,1183.382,1128140.106
2019-02-01,85390.719,136890.32,45476.192,2161.61,51148.45000000002,96149.519,58472.56700000001,189456.9300000002,64962.33099999998,149708.3569999999,182255.819,17289.261,33680.418,1307.475,1114349.968
2019-03-01,92751.65599999999,139273.0740000001,45637.07599999999,1998.11,56407.08100000001,99979.81699999995,64453.736,208036.475,64133.41700000001,167340.456,251233.063,18214.78,30464.087,1019.159,1240941.987000001
2019-04-01,118819.844,139169.0379999999,45626.49499999998,1811.1,57444.24200000001,94842.95600000006,51152.12499999999,198709.3630000001,64211.45199999999,163324.06,266747.9999999999,18678.929,30695.269,1057.984,1252290.857
2019-05-01,117314.435,140431.9530000001,38363.923,1851.4,58604.24699999999,98940.568,63676.43199999999,201070.4540000001,66511.51900000001,164659.112,260830.9820000001,20290.674,31291.82299999999,955.0939999999999,1264792.616
2019-06-01,114151.498,131602.4550000001,34597.106,1545.08,56821.684,97162.79600000002,59653.06000000003,176581.015,61071.55299999999,144107.961,244301.7080000001,19519.746,27966.61700000001,977.9150000000001,1170060.194
2019-07-01,112758.919,135875.0059999999,39414.575,1733.6,61000.15500000001,99531.13700000006,60247.613,185838.4260000001,65095.24100000001,149020.475,259305.781,20257.29,30352.503,1021.293,1221452.014
2019-08-01,100989.097,137434.6600000001,42659.78200000001,1720.43,60901.18399999999,102756.17,68950.764,189671.5590000001,65290.91699999994,168601.4950000002,284581.9510000001,19432.853,32190.20299999999,1060.243,1276241.308
2019-09-01,86007.429,128276.078,47535.94700000003,1583.61,58870.99000000001,98948.76400000002,65254.09100000002,179094.9659999999,63433.20400000001,169897.0269999999,252172.3320000001,19208.235,30340.795,1148.548,1201772.016
2019-10-01,87280.26000000004,133216.695,49882.858,1746.43,59976.41800000003,106562.272,65670.73300000001,203410.861,66922.24299999997,168086.1819999999,265412.3779999999,19574.52299999999,32362.021,1159.724,1261263.598
2019-11-01,81510.93699999998,135973.365,51106.603,1724.53,60609.27399999999,103932.685,62122.094,198307.7769999999,67705.33899999996,146252.445,245301.0680000001,19880.404,31621.942,1234.422,1207282.885
2019-12-01,70339.60099999998,134422.9080000001,55117.806,1696.136,46752.50000000004,95527.25499999996,67738.41500000001,202700.0900000001,64141.54200000002,146648.3769999999,160841.379,17741.675,25573.16299999999,1216.65,1090457.497
2020-01-01,82281.84500000002,136695.7660000001,59149.31599999999,2076.643,48371.14599999997,95966.24200000004,65486.75300000003,206648.3870000001,60281.54099999999,146390.786,152989.542,17694.65000000001,26581.75800000001,1127.279,1101741.654
2020-02-01,78374.18700000001,136555.308,53007.73100000003,1963.465,55470.14700000003,94297.79900000009,59634.12899999999,189870.016,63268.68100000003,146295.404,178257.2289999999,19059.429,31964.54500000001,1113.427,1109131.497
2020-03-01,81688.02700000006,139882.0710000001,51790.87699999999,1640.245,43785.03399999998,87870.894,61872.63300000002,206343.803,55907.22600000002,106833.85,148846.297,17359.355,25893.066,1205.546,1030918.924
2020-04-01,90237.97999999998,132610.3889999999,40814.07000000001,400.4450000000001,16638.61500000001,79987.36600000007,53982.73999999999,174971.192,37593.15800000002,54611.87099999999,54997.01600000002,10667.104,8676.354000000003,1074.971,757263.2709999999
2020-05-01,94301.22200000004,138167.201,36234.749,1665.244,32828.099,90653.34699999997,59520.65500000001,193276.8690000001,52041.48500000002,97091.03400000001,133480.193,15862.56,15977.022,1103.59,962203.2699999999
2020-06-01,89554.045,132454.265,35485.33200000002,2153.423,44996.18100000005,87966.54499999998,60703.20099999999,177115.902,57822.209,117235.899,151928.475,18422.621,25508.137,1226.007,1002572.242
2020-07-01,91991.97600000002,131748.4580000001,39550.73899999999,2108.244,51426.36699999999,98560.36800000002,62691.201,191793.1440000001,58118.01399999999,142465.2829999999,161766.0100000001,19264.91200000001,28691.529,1135.911,1081312.156
2020-08-01,93241.37800000003,132014.379,42866.969,1882.376,54363.92099999996,98357.70300000001,65973.09799999998,195700.3690000001,64573.04500000003,158885.823,175248.246,20711.842,30059.81299999999,1211.451,1135090.412999999
2020-09-01,84567.90699999999,129405.801,44220.92600000001,1715.31,55280.79700000001,100334.663,61055.30899999999,191651.314,66492.07699999998,161400.3510000001,189046.0420000001,20553.894,31276.497,1209.464,1138210.352
2020-10-01,86611.79999999997,133595.4929999999,47307.37599999999,1670.143,60457.81299999999,100236.14,66561.73000000003,198507.459,69330.88000000009,174616.496,206524.9810000001,21265.556,31132.046,1144.151,1198962.064
2020-11-01,91717.84899999997,135178.824,49420.00499999998,1912.542,61426.24400000004,99691.31700000001,67483.42999999999,208011.587,71812.425,172406.5659999999,222285.3070000001,22247.497,33361.24799999999,1263.727,1238218.568
2020-12-01,44683.313,132560.39,55207.37999999998,1740.666,48246.60199999999,94700.38400000001,69697.68699999998,209944.103,65706.00300000001,161230.309,213964.7779999998,20577.35400000001,30667.08500000001,1155.292,1150081.346
2021-01-01,80694.96800000001,135198.8090000001,56492.28100000002,1883.733,52315.28100000001,87337.81599999996,73543.76299999998,209302.9990000002,68647.57799999996,163113.358,224704.758,19490.18,28221.856,1251.09,1202198.47
2021-02-01,86386.30799999996,133471.333,50378.95099999999,1767.481,57647.93900000002,94846.08799999997,63543.39000000001,182102.8940000001,64287.28600000003,141443.0790000001,193276.9429999999,21765.00399999999,30314.06700000001,1308.315,1122539.078
2021-03-01,99354.81399999998,145863.0370000002,55164.83099999998,2210.738,64874.23300000001,100103.65,65023.51600000002,212200.9170000001,70265.24700000002,171848.251,258049.291,22707.632,37178.62799999998,1248.898,1306093.683
2021-04-01,94440.74200000006,141826.9219999999,48363.86499999999,1941.346,61497.14499999997,95586.60499999994,56291.885,212918.3340000001,67656.35300000005,165881.4369999999,228853.9569999999,21858.35,31884.864,1292.017,1230293.821999999
2021-05-01,99098.56399999994,137999.0880000001,42223.06699999997,1665.846,61085.09500000002,95922.75000000003,62521.06300000001,212879.895,65650.73999999999,161828.746,279737.664,21723.351,33785.90200000001,1233.332,1277355.103
2021-06-01,96265.60599999999,131946.125,42416.988,1807.965,60105.92499999995,101627.563,65243.73700000002,202533.3020000001,67541.38999999997,160896.609,271404.6,22228.52700000001,34748.356,1276.407,1260043.100000001
2021-07-01,99304.78700000001,137158.609,40909.22,1497.814,62399.70600000002,105994.521,66511.81300000002,189080.756,66928.72600000004,166134.2209999999,274060.6590000001,22700.662,33774.82400000002,1238.363,1267694.681
2021-08-01,86991.39700000001,138171.5160000001,46034.84800000001,1722.493,62738.96800000003,101173.155,65706.079,193639.5249999999,68304.35900000005,175013.3320000001,291276.3229999999,22913.531,35168.876,1323.829,1290178.231
2021-09-01,86296.73999999999,140048.46,47833.99599999998,1584.742,63804.38099999999,101931.1900000001,63654.37300000001,200064.3699999999,69552.01299999996,178962.3100000001,289857.17,22476.936,33955.328,1249.254,1301271.263
2021-10-01,87189.38600000004,133663.727,49159.32900000003,1597.76,62307.93900000003,103991.8240000001,66279.433,200614.6769999999,68413.94799999999,174930.037,295538.996,21264.81600000001,33892.63799999999,1210.752,1300055.262
2021-11-01,85110.25899999996,136763.7659999999,54378.959,1620.632,63804.686,104026.667,74061.49999999999,215402.451,71357.01300000001,179134.058,290208.4780000001,22293.692,36776.09900000002,1349.573,1336287.833
2021-12-01,68881.07000000002,136522.045,59111.393,1669.606,50187.153,97798.97700000006,74793.47500000001,217774.6990000001,68250.26600000002,171539.929,279258.49,21879.687,35141.74300000002,1350.621,1284159.154
2022-01-01,74420.149,135727.436,59395.165,1838.02,48248.399,98128.10699999995,73442.23299999996,222043.3419999999,63231.59599999998,162758.264,223096.5890000001,19623.439,26379.773,1316.734,1209649.246
2022-01-02,80327.649,134725.4919999998,55626.06900000002,1784.194,60329.242,97680.67400000004,55621.61700000001,200678.728,67240.60899999998,154719.241,227578.2690000001,21104.544,32823.40200000002,1451.891,1191691.621
2022-01-03,89440.07100000003,141014.553,58207.92599999999,1783.748,64919.93399999999,100958.1379999999,60723.81200000001,222176.5719999999,70982.83799999997,169142.301,282409.5059999999,22328.679,35640.583,1253.407,1320982.067999999
2022-01-04,99310.14200000002,139625.516,51199.38999999997,1540.68,63403.70300000001,99137.65299999998,63666.063,216599.1410000001,72257.33100000001,168721.191,245095.8110000001,22863.093,33845.34700000001,1356.062,1278621.123
2022-01-05,103026.354,141259.257,49125.404,1428.104,63216.16099999999,103092.831,68638.74900000001,217833.648,68722.13400000001,179250.5569999999,301124.143,22893.392,33547.783,1265.533,1354424.050000001
2022-01-06,97061.07400000002,134712.457,44619.87100000001,1372.544,63467.20500000002,109030.8140000001,61802.64600000002,209087.825,67623.57299999996,165968.6080000001,312317.352,23366.558,35699.86999999999,1355.967,1327486.364
2022-01-07,93618.086,139193.741,46118.49199999998,1468.406,65909.338,107930.989,66508.69399999999,203634.365,68670.70099999994,173494.9509999999,306780.8770000001,22975.494,36839.34899999999,1312.39,1334455.873
2022-01-08,85524.44999999998,142389.2919999998,46737.56699999998,1480.974,67391.19099999998,101368.1690000001,67824.936,208524.3049999999,70259.34600000002,192355.1949999999,306204.5129999997,23480.371,37490.923,1331.611,1352362.842999999
2022-01-09,91889.38099999999,136189.2379999999,49148.65599999995,1413.2,63873.41100000001,104202.2510000001,67739.79600000003,207677.697,68012.98300000002,175961.978,303928.602,22518.98,35182.276,1316.547,1329054.996
2022-01-10,89690.30700000002,135135.7,50434.22800000001,1428.131,62065.60100000001,102924.982,68291.18700000001,214315.467,70656.94400000002,188125.042,312735.7860000001,21852.913,35542.336,1317.541,1354516.165
2022-01-11,91978.13099999996,139699.6670000001,54775.10899999999,1554.218,63439.47600000002,101956.21,63875.82800000001,215524.3929999999,71889.35299999997,174533.7019999999,295770,22363.003,38861.24700000002,1558.649,1337778.986
2022-01-12,78667.17799999997,137158.8750000001,57525.88499999999,1487.24,50403.929,96433.89100000003,70534.84400000001,210736.1990000001,65000.50700000002,175487.384,263814.002,20388.323,34703.70899999999,1587.541,1263929.507
2023-01-01,68338.68599999999,144793.1190000001,61474.15200000001,1730.227,46512.41799999995,103203.167,72760.72200000002,209134.2580000001,67059.59099999997,153352.8649999999,277368.4559999999,19498.335,28889.544,1502.874,1255618.414
2023-01-02,66039.02100000001,137620.5630000001,54454.018,1482.535,59395.38499999997,97588.78400000003,61880.81200000001,192224.9800000001,65474.47599999999,154719.027,211391.73,20522.237,35970.94299999999,1442.233,1160206.744
2023-01-03,84816.18499999997,152921.983,59731.67300000002,1790.44,67877.97400000006,105343.524,66986.27099999999,212769.329,72881.004,174881.0270000001,270928.5189999999,22867.015,43313.46100000001,1440.606,1338549.011
2023-01-04,84543.76699999996,142263.3580000001,49168.01400000002,1423.967,62623.47300000002,97579.79600000002,65153.83000000001,210820.4059999998,72572.807,167060.0719999999,261255.6459999999,22354.22300000001,36052.44,1460.664,1274332.463
2023-01-05,90303.038,147188.8059999999,43589.43999999998,1376.112,61373.22900000001,103734.416,68136.56299999999,211535.6680000002,69735.52599999998,170870.622,295243.9459999998,23133.658,35768.61,1359.514,1323349.148
2023-01-06,93827.75200000002,138551.217,40418.66299999999,1317.78,60981.95300000002,102820.455,65814.068,202645.8279999998,68999.59300000001,159474.869,269883.3850000001,23019.603,36608.50800000001,1409.54,1265773.214
2023-01-07,91984.05599999998,141200.044,42249.66700000003,1413.854,64676.89800000003,105945.072,65473.76100000002,202354.1449999999,71623.787,156374.4080000001,200575.109,22470.882,36520.989,1384.008,1204246.68
2023-01-08,90254.67399999997,140255.6370000001,47946.866,1443.845,65560.47899999998,103883.477,59335.177,199428.9740000001,71519.16800000002,167865.713,263250.5170000001,24227.796,38454.03299999999,1390.89,1274817.246
2023-01-09,73342.56700000001,143217.6279999999,47854.76299999997,1334.184,63944.10900000002,104372.7070000001,65194.323,206247.874,73113.03300000001,173749.0700000001,298028.5980000001,23550.66,36664.80800000001,1350.719,1311965.043
2023-01-10,70904.12699999998,138823.963,49339.57199999999,1304.502,63174.66499999999,101657.356,56467.062,208117.936,69081.495,175815.9900000002,307042.422,22943.328,35840.33100000001,1291.031,1301803.78
2023-01-11,69608.439,138466.074,54603.74700000002,1528.419,65350.78700000001,100917.538,61151.82200000001,208861.7610000001,69070.65000000001,168622.477,282086.6579999999,22603.14,38249.72600000001,1406.325,1282527.563
2023-01-12,69554.21100000004,134644.653,58482.90600000002,1455.813,51873.93600000002,95152.36899999995,66016.599,195246.3790000002,62986.80699999999,165757.3280000001,226365.0019999999,20205.81800000001,33093.84900000001,1516.676,1182352.346
2024-01-01,69824.89500000002,144415.9879999999,55861.80999999999,1847.146,39133.52400000003,97683.63099999998,65901.28799999999,194592.526,57725.044,135603.0460000001,265918.7690000001,19896.281,25014.172,1637.338,1175055.458
